{
  "split": "test",
  "metrics": {
    "loss": 0.9828887386155701,
    "acc1": 81.89310213414635,
    "acc5": 98.5470655487805
  },
  "per_class_acc": {
    "Angry": 85.82860953651218,
    "Disgust": 91.66388796265423,
    "Fear": 94.63154384794932,
    "Happy": 72.62420806935646,
    "Neutral": 62.787595865288424,
    "Sad": 84.89496498832945,
    "Surprise": 80.82054703135424
  },
  "overall_acc": 81.89310213414635
}